../0.Image_Data/1.TrainImage\0_0.bmp,0
../0.Image_Data/1.TrainImage\100_0.bmp,100
../0.Image_Data/1.TrainImage\101_0.bmp,101
../0.Image_Data/1.TrainImage\102_0.bmp,102
../0.Image_Data/1.TrainImage\103_0.bmp,103
../0.Image_Data/1.TrainImage\104_0.bmp,104
../0.Image_Data/1.TrainImage\105_0.bmp,105
../0.Image_Data/1.TrainImage\106_0.bmp,106
../0.Image_Data/1.TrainImage\107_0.bmp,107
../0.Image_Data/1.TrainImage\108_0.bmp,108
../0.Image_Data/1.TrainImage\109_0.bmp,109
../0.Image_Data/1.TrainImage\10_0.bmp,10
../0.Image_Data/1.TrainImage\110_0.bmp,110
../0.Image_Data/1.TrainImage\111_0.bmp,111
../0.Image_Data/1.TrainImage\112_0.bmp,112
../0.Image_Data/1.TrainImage\113_0.bmp,113
../0.Image_Data/1.TrainImage\114_0.bmp,114
../0.Image_Data/1.TrainImage\115_0.bmp,115
../0.Image_Data/1.TrainImage\116_0.bmp,116
../0.Image_Data/1.TrainImage\117_0.bmp,117
../0.Image_Data/1.TrainImage\118_0.bmp,118
../0.Image_Data/1.TrainImage\119_0.bmp,119
../0.Image_Data/1.TrainImage\11_0.bmp,11
../0.Image_Data/1.TrainImage\120_0.bmp,120
../0.Image_Data/1.TrainImage\121_0.bmp,121
../0.Image_Data/1.TrainImage\122_0.bmp,122
../0.Image_Data/1.TrainImage\123_0.bmp,123
../0.Image_Data/1.TrainImage\124_0.bmp,124
../0.Image_Data/1.TrainImage\125_0.bmp,125
../0.Image_Data/1.TrainImage\126_0.bmp,126
../0.Image_Data/1.TrainImage\127_0.bmp,127
../0.Image_Data/1.TrainImage\128_0.bmp,128
../0.Image_Data/1.TrainImage\129_0.bmp,129
../0.Image_Data/1.TrainImage\12_0.bmp,12
../0.Image_Data/1.TrainImage\130_0.bmp,130
../0.Image_Data/1.TrainImage\131_0.bmp,131
../0.Image_Data/1.TrainImage\132_0.bmp,132
../0.Image_Data/1.TrainImage\133_0.bmp,133
../0.Image_Data/1.TrainImage\134_0.bmp,134
../0.Image_Data/1.TrainImage\135_0.bmp,135
../0.Image_Data/1.TrainImage\136_0.bmp,136
../0.Image_Data/1.TrainImage\137_0.bmp,137
../0.Image_Data/1.TrainImage\138_0.bmp,138
../0.Image_Data/1.TrainImage\139_0.bmp,139
../0.Image_Data/1.TrainImage\13_0.bmp,13
../0.Image_Data/1.TrainImage\140_0.bmp,140
../0.Image_Data/1.TrainImage\141_0.bmp,141
../0.Image_Data/1.TrainImage\142_0.bmp,142
../0.Image_Data/1.TrainImage\143_0.bmp,143
../0.Image_Data/1.TrainImage\144_0.bmp,144
../0.Image_Data/1.TrainImage\145_0.bmp,145
../0.Image_Data/1.TrainImage\146_0.bmp,146
../0.Image_Data/1.TrainImage\147_0.bmp,147
../0.Image_Data/1.TrainImage\148_0.bmp,148
../0.Image_Data/1.TrainImage\149_0.bmp,149
../0.Image_Data/1.TrainImage\14_0.bmp,14
../0.Image_Data/1.TrainImage\150_0.bmp,150
../0.Image_Data/1.TrainImage\151_0.bmp,151
../0.Image_Data/1.TrainImage\152_0.bmp,152
../0.Image_Data/1.TrainImage\153_0.bmp,153
../0.Image_Data/1.TrainImage\154_0.bmp,154
../0.Image_Data/1.TrainImage\155_0.bmp,155
../0.Image_Data/1.TrainImage\156_0.bmp,156
../0.Image_Data/1.TrainImage\157_0.bmp,157
../0.Image_Data/1.TrainImage\158_0.bmp,158
../0.Image_Data/1.TrainImage\159_0.bmp,159
../0.Image_Data/1.TrainImage\15_0.bmp,15
../0.Image_Data/1.TrainImage\160_0.bmp,160
../0.Image_Data/1.TrainImage\161_0.bmp,161
../0.Image_Data/1.TrainImage\162_0.bmp,162
../0.Image_Data/1.TrainImage\163_0.bmp,163
../0.Image_Data/1.TrainImage\164_0.bmp,164
../0.Image_Data/1.TrainImage\165_0.bmp,165
../0.Image_Data/1.TrainImage\166_0.bmp,166
../0.Image_Data/1.TrainImage\167_0.bmp,167
../0.Image_Data/1.TrainImage\168_0.bmp,168
../0.Image_Data/1.TrainImage\169_0.bmp,169
../0.Image_Data/1.TrainImage\16_0.bmp,16
../0.Image_Data/1.TrainImage\170_0.bmp,170
../0.Image_Data/1.TrainImage\171_0.bmp,171
../0.Image_Data/1.TrainImage\172_0.bmp,172
../0.Image_Data/1.TrainImage\173_0.bmp,173
../0.Image_Data/1.TrainImage\174_0.bmp,174
../0.Image_Data/1.TrainImage\175_0.bmp,175
../0.Image_Data/1.TrainImage\176_0.bmp,176
../0.Image_Data/1.TrainImage\177_0.bmp,177
../0.Image_Data/1.TrainImage\178_0.bmp,178
../0.Image_Data/1.TrainImage\179_0.bmp,179
../0.Image_Data/1.TrainImage\17_0.bmp,17
../0.Image_Data/1.TrainImage\180_0.bmp,180
../0.Image_Data/1.TrainImage\181_0.bmp,181
../0.Image_Data/1.TrainImage\182_0.bmp,182
../0.Image_Data/1.TrainImage\183_0.bmp,183
../0.Image_Data/1.TrainImage\184_0.bmp,184
../0.Image_Data/1.TrainImage\185_0.bmp,185
../0.Image_Data/1.TrainImage\186_0.bmp,186
../0.Image_Data/1.TrainImage\187_0.bmp,187
../0.Image_Data/1.TrainImage\188_0.bmp,188
../0.Image_Data/1.TrainImage\189_0.bmp,189
../0.Image_Data/1.TrainImage\18_0.bmp,18
../0.Image_Data/1.TrainImage\190_0.bmp,190
../0.Image_Data/1.TrainImage\191_0.bmp,191
../0.Image_Data/1.TrainImage\192_0.bmp,192
../0.Image_Data/1.TrainImage\193_0.bmp,193
../0.Image_Data/1.TrainImage\194_0.bmp,194
../0.Image_Data/1.TrainImage\195_0.bmp,195
../0.Image_Data/1.TrainImage\196_0.bmp,196
../0.Image_Data/1.TrainImage\197_0.bmp,197
../0.Image_Data/1.TrainImage\198_0.bmp,198
../0.Image_Data/1.TrainImage\199_0.bmp,199
../0.Image_Data/1.TrainImage\19_0.bmp,19
../0.Image_Data/1.TrainImage\1_0.bmp,1
../0.Image_Data/1.TrainImage\200_0.bmp,200
../0.Image_Data/1.TrainImage\201_0.bmp,201
../0.Image_Data/1.TrainImage\202_0.bmp,202
../0.Image_Data/1.TrainImage\203_0.bmp,203
../0.Image_Data/1.TrainImage\204_0.bmp,204
../0.Image_Data/1.TrainImage\205_0.bmp,205
../0.Image_Data/1.TrainImage\206_0.bmp,206
../0.Image_Data/1.TrainImage\207_0.bmp,207
../0.Image_Data/1.TrainImage\208_0.bmp,208
../0.Image_Data/1.TrainImage\209_0.bmp,209
../0.Image_Data/1.TrainImage\20_0.bmp,20
../0.Image_Data/1.TrainImage\210_0.bmp,210
../0.Image_Data/1.TrainImage\211_0.bmp,211
../0.Image_Data/1.TrainImage\212_0.bmp,212
../0.Image_Data/1.TrainImage\213_0.bmp,213
../0.Image_Data/1.TrainImage\214_0.bmp,214
../0.Image_Data/1.TrainImage\215_0.bmp,215
../0.Image_Data/1.TrainImage\216_0.bmp,216
../0.Image_Data/1.TrainImage\217_0.bmp,217
../0.Image_Data/1.TrainImage\218_0.bmp,218
../0.Image_Data/1.TrainImage\219_0.bmp,219
../0.Image_Data/1.TrainImage\21_0.bmp,21
../0.Image_Data/1.TrainImage\220_0.bmp,220
../0.Image_Data/1.TrainImage\221_0.bmp,221
../0.Image_Data/1.TrainImage\222_0.bmp,222
../0.Image_Data/1.TrainImage\223_0.bmp,223
../0.Image_Data/1.TrainImage\224_0.bmp,224
../0.Image_Data/1.TrainImage\225_0.bmp,225
../0.Image_Data/1.TrainImage\226_0.bmp,226
../0.Image_Data/1.TrainImage\227_0.bmp,227
../0.Image_Data/1.TrainImage\228_0.bmp,228
../0.Image_Data/1.TrainImage\229_0.bmp,229
../0.Image_Data/1.TrainImage\22_0.bmp,22
../0.Image_Data/1.TrainImage\230_0.bmp,230
../0.Image_Data/1.TrainImage\231_0.bmp,231
../0.Image_Data/1.TrainImage\232_0.bmp,232
../0.Image_Data/1.TrainImage\233_0.bmp,233
../0.Image_Data/1.TrainImage\234_0.bmp,234
../0.Image_Data/1.TrainImage\235_0.bmp,235
../0.Image_Data/1.TrainImage\236_0.bmp,236
../0.Image_Data/1.TrainImage\237_0.bmp,237
../0.Image_Data/1.TrainImage\238_0.bmp,238
../0.Image_Data/1.TrainImage\239_0.bmp,239
../0.Image_Data/1.TrainImage\23_0.bmp,23
../0.Image_Data/1.TrainImage\240_0.bmp,240
../0.Image_Data/1.TrainImage\241_0.bmp,241
../0.Image_Data/1.TrainImage\242_0.bmp,242
../0.Image_Data/1.TrainImage\243_0.bmp,243
../0.Image_Data/1.TrainImage\244_0.bmp,244
../0.Image_Data/1.TrainImage\245_0.bmp,245
../0.Image_Data/1.TrainImage\246_0.bmp,246
../0.Image_Data/1.TrainImage\247_0.bmp,247
../0.Image_Data/1.TrainImage\248_0.bmp,248
../0.Image_Data/1.TrainImage\249_0.bmp,249
../0.Image_Data/1.TrainImage\24_0.bmp,24
../0.Image_Data/1.TrainImage\250_0.bmp,250
../0.Image_Data/1.TrainImage\251_0.bmp,251
../0.Image_Data/1.TrainImage\252_0.bmp,252
../0.Image_Data/1.TrainImage\253_0.bmp,253
../0.Image_Data/1.TrainImage\254_0.bmp,254
../0.Image_Data/1.TrainImage\255_0.bmp,255
../0.Image_Data/1.TrainImage\256_0.bmp,256
../0.Image_Data/1.TrainImage\257_0.bmp,257
../0.Image_Data/1.TrainImage\258_0.bmp,258
../0.Image_Data/1.TrainImage\259_0.bmp,259
../0.Image_Data/1.TrainImage\25_0.bmp,25
../0.Image_Data/1.TrainImage\260_0.bmp,260
../0.Image_Data/1.TrainImage\261_0.bmp,261
../0.Image_Data/1.TrainImage\262_0.bmp,262
../0.Image_Data/1.TrainImage\263_0.bmp,263
../0.Image_Data/1.TrainImage\264_0.bmp,264
../0.Image_Data/1.TrainImage\265_0.bmp,265
../0.Image_Data/1.TrainImage\266_0.bmp,266
../0.Image_Data/1.TrainImage\267_0.bmp,267
../0.Image_Data/1.TrainImage\268_0.bmp,268
../0.Image_Data/1.TrainImage\269_0.bmp,269
../0.Image_Data/1.TrainImage\26_0.bmp,26
../0.Image_Data/1.TrainImage\270_0.bmp,270
../0.Image_Data/1.TrainImage\271_0.bmp,271
../0.Image_Data/1.TrainImage\272_0.bmp,272
../0.Image_Data/1.TrainImage\273_0.bmp,273
../0.Image_Data/1.TrainImage\274_0.bmp,274
../0.Image_Data/1.TrainImage\275_0.bmp,275
../0.Image_Data/1.TrainImage\276_0.bmp,276
../0.Image_Data/1.TrainImage\277_0.bmp,277
../0.Image_Data/1.TrainImage\278_0.bmp,278
../0.Image_Data/1.TrainImage\279_0.bmp,279
../0.Image_Data/1.TrainImage\27_0.bmp,27
../0.Image_Data/1.TrainImage\280_0.bmp,280
../0.Image_Data/1.TrainImage\281_0.bmp,281
../0.Image_Data/1.TrainImage\282_0.bmp,282
../0.Image_Data/1.TrainImage\283_0.bmp,283
../0.Image_Data/1.TrainImage\284_0.bmp,284
../0.Image_Data/1.TrainImage\285_0.bmp,285
../0.Image_Data/1.TrainImage\286_0.bmp,286
../0.Image_Data/1.TrainImage\287_0.bmp,287
../0.Image_Data/1.TrainImage\288_0.bmp,288
../0.Image_Data/1.TrainImage\289_0.bmp,289
../0.Image_Data/1.TrainImage\28_0.bmp,28
../0.Image_Data/1.TrainImage\290_0.bmp,290
../0.Image_Data/1.TrainImage\291_0.bmp,291
../0.Image_Data/1.TrainImage\292_0.bmp,292
../0.Image_Data/1.TrainImage\293_0.bmp,293
../0.Image_Data/1.TrainImage\294_0.bmp,294
../0.Image_Data/1.TrainImage\295_0.bmp,295
../0.Image_Data/1.TrainImage\296_0.bmp,296
../0.Image_Data/1.TrainImage\297_0.bmp,297
../0.Image_Data/1.TrainImage\298_0.bmp,298
../0.Image_Data/1.TrainImage\299_0.bmp,299
../0.Image_Data/1.TrainImage\29_0.bmp,29
../0.Image_Data/1.TrainImage\2_0.bmp,2
../0.Image_Data/1.TrainImage\300_0.bmp,300
../0.Image_Data/1.TrainImage\301_0.bmp,301
../0.Image_Data/1.TrainImage\302_0.bmp,302
../0.Image_Data/1.TrainImage\303_0.bmp,303
../0.Image_Data/1.TrainImage\304_0.bmp,304
../0.Image_Data/1.TrainImage\305_0.bmp,305
../0.Image_Data/1.TrainImage\306_0.bmp,306
../0.Image_Data/1.TrainImage\307_0.bmp,307
../0.Image_Data/1.TrainImage\308_0.bmp,308
../0.Image_Data/1.TrainImage\309_0.bmp,309
../0.Image_Data/1.TrainImage\30_0.bmp,30
../0.Image_Data/1.TrainImage\310_0.bmp,310
../0.Image_Data/1.TrainImage\311_0.bmp,311
../0.Image_Data/1.TrainImage\312_0.bmp,312
../0.Image_Data/1.TrainImage\313_0.bmp,313
../0.Image_Data/1.TrainImage\314_0.bmp,314
../0.Image_Data/1.TrainImage\315_0.bmp,315
../0.Image_Data/1.TrainImage\316_0.bmp,316
../0.Image_Data/1.TrainImage\317_0.bmp,317
../0.Image_Data/1.TrainImage\318_0.bmp,318
../0.Image_Data/1.TrainImage\319_0.bmp,319
../0.Image_Data/1.TrainImage\31_0.bmp,31
../0.Image_Data/1.TrainImage\320_0.bmp,320
../0.Image_Data/1.TrainImage\321_0.bmp,321
../0.Image_Data/1.TrainImage\322_0.bmp,322
../0.Image_Data/1.TrainImage\323_0.bmp,323
../0.Image_Data/1.TrainImage\324_0.bmp,324
../0.Image_Data/1.TrainImage\325_0.bmp,325
../0.Image_Data/1.TrainImage\326_0.bmp,326
../0.Image_Data/1.TrainImage\327_0.bmp,327
../0.Image_Data/1.TrainImage\328_0.bmp,328
../0.Image_Data/1.TrainImage\329_0.bmp,329
../0.Image_Data/1.TrainImage\32_0.bmp,32
../0.Image_Data/1.TrainImage\330_0.bmp,330
../0.Image_Data/1.TrainImage\331_0.bmp,331
../0.Image_Data/1.TrainImage\332_0.bmp,332
../0.Image_Data/1.TrainImage\333_0.bmp,333
../0.Image_Data/1.TrainImage\334_0.bmp,334
../0.Image_Data/1.TrainImage\335_0.bmp,335
../0.Image_Data/1.TrainImage\336_0.bmp,336
../0.Image_Data/1.TrainImage\337_0.bmp,337
../0.Image_Data/1.TrainImage\338_0.bmp,338
../0.Image_Data/1.TrainImage\339_0.bmp,339
../0.Image_Data/1.TrainImage\33_0.bmp,33
../0.Image_Data/1.TrainImage\340_0.bmp,340
../0.Image_Data/1.TrainImage\341_0.bmp,341
../0.Image_Data/1.TrainImage\342_0.bmp,342
../0.Image_Data/1.TrainImage\343_0.bmp,343
../0.Image_Data/1.TrainImage\344_0.bmp,344
../0.Image_Data/1.TrainImage\345_0.bmp,345
../0.Image_Data/1.TrainImage\346_0.bmp,346
../0.Image_Data/1.TrainImage\347_0.bmp,347
../0.Image_Data/1.TrainImage\348_0.bmp,348
../0.Image_Data/1.TrainImage\349_0.bmp,349
../0.Image_Data/1.TrainImage\34_0.bmp,34
../0.Image_Data/1.TrainImage\350_0.bmp,350
../0.Image_Data/1.TrainImage\351_0.bmp,351
../0.Image_Data/1.TrainImage\352_0.bmp,352
../0.Image_Data/1.TrainImage\353_0.bmp,353
../0.Image_Data/1.TrainImage\354_0.bmp,354
../0.Image_Data/1.TrainImage\355_0.bmp,355
../0.Image_Data/1.TrainImage\356_0.bmp,356
../0.Image_Data/1.TrainImage\357_0.bmp,357
../0.Image_Data/1.TrainImage\358_0.bmp,358
../0.Image_Data/1.TrainImage\359_0.bmp,359
../0.Image_Data/1.TrainImage\35_0.bmp,35
../0.Image_Data/1.TrainImage\36_0.bmp,36
../0.Image_Data/1.TrainImage\37_0.bmp,37
../0.Image_Data/1.TrainImage\38_0.bmp,38
../0.Image_Data/1.TrainImage\39_0.bmp,39
../0.Image_Data/1.TrainImage\3_0.bmp,3
../0.Image_Data/1.TrainImage\40_0.bmp,40
../0.Image_Data/1.TrainImage\41_0.bmp,41
../0.Image_Data/1.TrainImage\42_0.bmp,42
../0.Image_Data/1.TrainImage\43_0.bmp,43
../0.Image_Data/1.TrainImage\44_0.bmp,44
../0.Image_Data/1.TrainImage\45_0.bmp,45
../0.Image_Data/1.TrainImage\46_0.bmp,46
../0.Image_Data/1.TrainImage\47_0.bmp,47
../0.Image_Data/1.TrainImage\48_0.bmp,48
../0.Image_Data/1.TrainImage\49_0.bmp,49
../0.Image_Data/1.TrainImage\4_0.bmp,4
../0.Image_Data/1.TrainImage\50_0.bmp,50
../0.Image_Data/1.TrainImage\51_0.bmp,51
../0.Image_Data/1.TrainImage\52_0.bmp,52
../0.Image_Data/1.TrainImage\53_0.bmp,53
../0.Image_Data/1.TrainImage\54_0.bmp,54
../0.Image_Data/1.TrainImage\55_0.bmp,55
../0.Image_Data/1.TrainImage\56_0.bmp,56
../0.Image_Data/1.TrainImage\57_0.bmp,57
../0.Image_Data/1.TrainImage\58_0.bmp,58
../0.Image_Data/1.TrainImage\59_0.bmp,59
../0.Image_Data/1.TrainImage\5_0.bmp,5
../0.Image_Data/1.TrainImage\60_0.bmp,60
../0.Image_Data/1.TrainImage\61_0.bmp,61
../0.Image_Data/1.TrainImage\62_0.bmp,62
../0.Image_Data/1.TrainImage\63_0.bmp,63
../0.Image_Data/1.TrainImage\64_0.bmp,64
../0.Image_Data/1.TrainImage\65_0.bmp,65
../0.Image_Data/1.TrainImage\66_0.bmp,66
../0.Image_Data/1.TrainImage\67_0.bmp,67
../0.Image_Data/1.TrainImage\68_0.bmp,68
../0.Image_Data/1.TrainImage\69_0.bmp,69
../0.Image_Data/1.TrainImage\6_0.bmp,6
../0.Image_Data/1.TrainImage\70_0.bmp,70
../0.Image_Data/1.TrainImage\71_0.bmp,71
../0.Image_Data/1.TrainImage\72_0.bmp,72
../0.Image_Data/1.TrainImage\73_0.bmp,73
../0.Image_Data/1.TrainImage\74_0.bmp,74
../0.Image_Data/1.TrainImage\75_0.bmp,75
../0.Image_Data/1.TrainImage\76_0.bmp,76
../0.Image_Data/1.TrainImage\77_0.bmp,77
../0.Image_Data/1.TrainImage\78_0.bmp,78
../0.Image_Data/1.TrainImage\79_0.bmp,79
../0.Image_Data/1.TrainImage\7_0.bmp,7
../0.Image_Data/1.TrainImage\80_0.bmp,80
../0.Image_Data/1.TrainImage\81_0.bmp,81
../0.Image_Data/1.TrainImage\82_0.bmp,82
../0.Image_Data/1.TrainImage\83_0.bmp,83
../0.Image_Data/1.TrainImage\84_0.bmp,84
../0.Image_Data/1.TrainImage\85_0.bmp,85
../0.Image_Data/1.TrainImage\86_0.bmp,86
../0.Image_Data/1.TrainImage\87_0.bmp,87
../0.Image_Data/1.TrainImage\88_0.bmp,88
../0.Image_Data/1.TrainImage\89_0.bmp,89
../0.Image_Data/1.TrainImage\8_0.bmp,8
../0.Image_Data/1.TrainImage\90_0.bmp,90
../0.Image_Data/1.TrainImage\91_0.bmp,91
../0.Image_Data/1.TrainImage\92_0.bmp,92
../0.Image_Data/1.TrainImage\93_0.bmp,93
../0.Image_Data/1.TrainImage\94_0.bmp,94
../0.Image_Data/1.TrainImage\95_0.bmp,95
../0.Image_Data/1.TrainImage\96_0.bmp,96
../0.Image_Data/1.TrainImage\97_0.bmp,97
../0.Image_Data/1.TrainImage\98_0.bmp,98
../0.Image_Data/1.TrainImage\99_0.bmp,99
../0.Image_Data/1.TrainImage\9_0.bmp,9
